{"flutter":{"platforms":{"android":{"default":{"projectId":"clinica-8d808","appId":"1:56062361558:android:2ff6ab6ccd67f031c52e77","fileOutput":"android/app/google-services.json"}},"dart":{"lib/firebase_options.dart":{"projectId":"clinica-8d808","configurations":{"android":"1:56062361558:android:2ff6ab6ccd67f031c52e77","ios":"1:56062361558:ios:c94503abb58081f6c52e77","macos":"1:56062361558:ios:c94503abb58081f6c52e77","web":"1:56062361558:web:0ecba56c03de92a1c52e77","windows":"1:56062361558:web:ffe85d93100870a5c52e77"}}}}}}